dataset,group,head,metric,mean,std,ci95_low,ci95_high,n
CICIoT2023,detector,,accuracy,0.9895567441614149,0.0002098354367013657,0.9892961990541155,0.9898172892687144,5
CICIoT2023,detector,,balanced_accuracy,0.8001015263187664,0.00365684202516948,0.7955609572289949,0.8046420954085379,5
CICIoT2023,detector,,f1_macro,0.8045496079720991,0.006248043997907446,0.7967916366807043,0.8123075792634938,5
CICIoT2023,detector,,auroc_ovr_macro,0.9990117052150383,1.077396014842812e-05,0.998998327576604,0.9990250828534727,5
CICIoT2023,detector,,auprc_ovr_macro,0.8309858201242962,0.0034105402246488027,0.826751075112924,0.8352205651356684,5
CICIoT2023,detector,,binary_accuracy,0.9951596674257269,8.861515930033325e-05,0.9950496371727287,0.9952696976787252,5
CICIoT2023,detector,,binary_f1_macro,0.9475383663139526,0.0009739101713630209,0.9463290971166867,0.9487476355112185,5
CICIoT2023,detector,,binary_auroc,0.9992569427574315,2.0012274730463467e-05,0.9992320942363765,0.9992817912784865,5
CICIoT2023,novelty_head,isolation_forest,zero_day_auroc,0.995152860646572,0.0009694224787710184,0.9939491636556326,0.9963565576375115,5
CICIoT2023,novelty_head,isolation_forest,zero_day_auprc,0.9774949206581629,0.0042682066599365655,0.9721952421116261,0.9827945992046997,5
CICIoT2023,novelty_head,isolation_forest,fpr_at_95_tpr,0.009733622835354552,0.0019602929970970033,0.007299597594928242,0.012167648075780862,5
CICIoT2023,novelty_head,isolation_forest,known_false_positive_rate,0.10189058941905418,0.0005010032285236559,0.1012685117472125,0.10251266709089586,5
CICIoT2023,novelty_head,isolation_forest,zero_day_true_positive_rate,0.9998725418790968,4.9865491397091635e-05,0.9998106256936763,0.9999344580645173,5
CICIoT2023,novelty_head,isolation_forest,balanced_accuracy,0.9489909762300215,0.0002444518143319056,0.94868744921287,0.949294503247173,5
CICIoT2023,novelty_head,autoencoder,zero_day_auroc,0.9341011622572996,0.029997807585156366,0.896853964553767,0.9713483599608321,5
CICIoT2023,novelty_head,autoencoder,zero_day_auprc,0.802835299042659,0.0930120534541444,0.6873455808696437,0.9183250172156744,5
CICIoT2023,novelty_head,autoencoder,fpr_at_95_tpr,0.14836625536196577,0.06589420291846806,0.06654779590777042,0.2301847148161611,5
CICIoT2023,novelty_head,autoencoder,known_false_positive_rate,0.1009479425938675,0.0018623495024900469,0.0986355302645529,0.10326035492318208,5
CICIoT2023,novelty_head,autoencoder,zero_day_true_positive_rate,0.7974872541879098,0.16855198247677966,0.5882023257206204,1.0067721826551992,5
CICIoT2023,novelty_head,autoencoder,balanced_accuracy,0.848269655797021,0.0845863699051379,0.7432418055470646,0.9532975060469773,5
CICIoT2023,novelty_head,ocsvm,zero_day_auroc,0.940374143935907,0.00889924859683157,0.9293242673421559,0.9514240205296581,5
CICIoT2023,novelty_head,ocsvm,zero_day_auprc,0.9143269724586706,0.010392346741219652,0.9014231696532479,0.9272307752640933,5
CICIoT2023,novelty_head,ocsvm,fpr_at_95_tpr,0.3256368161838691,0.061179182888857375,0.24967282735125096,0.4016008050164872,5
CICIoT2023,novelty_head,ocsvm,known_false_positive_rate,0.09850129746332681,0.0005093307223871041,0.09786887984215963,0.09913371508449399,5
CICIoT2023,novelty_head,ocsvm,zero_day_true_positive_rate,0.8725600873998542,0.017082042563450445,0.8513499301330334,0.8937702446666751,5
CICIoT2023,novelty_head,ocsvm,balanced_accuracy,0.8870293949682637,0.008744448610695581,0.87617172794422,0.8978870619923074,5
CICIoT2023,per_attack_zero_day,isolation_forest,zero_day_auroc[Mirai-greeth_flood],0.9948946719659795,0.0013728454988670025,0.9931900591349402,0.9965992847970188,5
CICIoT2023,per_attack_zero_day,isolation_forest,zero_day_auroc[Mirai-greip_flood],0.9945756424853938,0.001220914549773897,0.9930596768440564,0.9960916081267311,5
CICIoT2023,per_attack_zero_day,isolation_forest,zero_day_auroc[Mirai-udpplain],0.9959296916259321,0.0008252462109565844,0.9949050131161333,0.996954370135731,5
CICIoT2023,per_attack_zero_day,autoencoder,zero_day_auroc[Mirai-greeth_flood],0.9406827429198742,0.02607438757601108,0.9083071145915297,0.9730583712482187,5
CICIoT2023,per_attack_zero_day,autoencoder,zero_day_auroc[Mirai-greip_flood],0.9321723760201241,0.027234982381571803,0.8983556789052125,0.9659890731350358,5
CICIoT2023,per_attack_zero_day,autoencoder,zero_day_auroc[Mirai-udpplain],0.9283728151989077,0.03864009151408139,0.880394804678574,0.9763508257192414,5
CICIoT2023,per_attack_zero_day,ocsvm,zero_day_auroc[Mirai-greeth_flood],0.9709922532514282,0.0024707405937779256,0.9679244236072336,0.9740600828956228,5
CICIoT2023,per_attack_zero_day,ocsvm,zero_day_auroc[Mirai-greip_flood],0.9489553428814208,0.003542957441318387,0.9445561801793676,0.953354505583474,5
CICIoT2023,per_attack_zero_day,ocsvm,zero_day_auroc[Mirai-udpplain],0.8988806408331659,0.02151151329462459,0.8721705692283488,0.925590712437983,5
BoT-IoT,detector,,accuracy,0.9523748050131783,0.0009005520061001592,0.9512566220086935,0.953492988017663,5
BoT-IoT,detector,,balanced_accuracy,0.9735907226137372,0.0005122801618361914,0.9729546427797913,0.9742268024476832,5
BoT-IoT,detector,,f1_macro,0.9731742758039795,0.0004928689482263282,0.9725622981751343,0.9737862534328248,5
BoT-IoT,detector,,auroc_ovr_macro,0.9956257657066454,8.044009453835064e-05,0.995525886137245,0.9957256452760458,5
BoT-IoT,detector,,auprc_ovr_macro,0.9951309478225939,9.149198438016558e-05,0.9950173455194649,0.995244550125723,5
BoT-IoT,detector,,binary_accuracy,0.9998386315959336,0.0,0.9998386315959336,0.9998386315959336,5
BoT-IoT,detector,,binary_f1_macro,0.9988719322865689,0.0,0.9988719322865689,0.9988719322865689,5
BoT-IoT,detector,,binary_auroc,0.9999994017252949,7.231258967440076e-08,0.9999993119373557,0.9999994915132341,5
BoT-IoT,novelty_head,isolation_forest,zero_day_auroc,0.7570162139412693,0.014877467526042307,0.7385433981297369,0.7754890297528017,5
BoT-IoT,novelty_head,isolation_forest,zero_day_auprc,0.5463069609596829,0.006957918673979715,0.5376675638397725,0.5549463580795932,5
BoT-IoT,novelty_head,isolation_forest,fpr_at_95_tpr,0.9149588510569631,0.03806844859416294,0.8676906289701202,0.962227073143806,5
BoT-IoT,novelty_head,isolation_forest,known_false_positive_rate,0.09707923188639664,0.0012250543961492303,0.09555812594685688,0.0986003378259364,5
BoT-IoT,novelty_head,isolation_forest,zero_day_true_positive_rate,0.7232796486090776,0.0,0.7232796486090776,0.7232796486090776,5
BoT-IoT,novelty_head,isolation_forest,balanced_accuracy,0.8131002083613404,0.0006125271980746326,0.8123396553915706,0.8138607613311103,5
BoT-IoT,novelty_head,autoencoder,zero_day_auroc,0.9185081053955404,0.02312281446477833,0.8897973391374798,0.947218871653601,5
BoT-IoT,novelty_head,autoencoder,zero_day_auprc,0.36475464166959437,0.025480521422953147,0.3331163955632536,0.3963928877759351,5
BoT-IoT,novelty_head,autoencoder,fpr_at_95_tpr,0.29002205368188905,0.16664639304502601,0.08310322700736572,0.4969408803564124,5
BoT-IoT,novelty_head,autoencoder,known_false_positive_rate,0.09771394760905815,0.0010308790488657432,0.09643394220757902,0.09899395301053728,5
BoT-IoT,novelty_head,autoencoder,zero_day_true_positive_rate,0.686090775988287,0.074775283281756,0.5932449987818427,0.7789365531947314,5
BoT-IoT,novelty_head,autoencoder,balanced_accuracy,0.7941884141896145,0.03748687950813976,0.7476423054993548,0.8407345228798742,5
BoT-IoT,novelty_head,ocsvm,zero_day_auroc,0.9338052000633503,0.011398655001468512,0.9196519005200816,0.947958499606619,5
BoT-IoT,novelty_head,ocsvm,zero_day_auprc,0.47663646377963725,0.023300555999405406,0.4477050022570448,0.5055679253022297,5
BoT-IoT,novelty_head,ocsvm,fpr_at_95_tpr,0.2783604970146845,0.042272909869063825,0.22587174673095528,0.33084924729841375,5
BoT-IoT,novelty_head,ocsvm,known_false_positive_rate,0.09704695820558336,0.0015812639871781561,0.0950835596410481,0.09901035677011862,5
BoT-IoT,novelty_head,ocsvm,zero_day_true_positive_rate,0.7490483162518301,0.020276995171026716,0.7238711013562146,0.7742255311474456,5
BoT-IoT,novelty_head,ocsvm,balanced_accuracy,0.8260006790231234,0.010505724255982252,0.8129560994394142,0.8390452586068325,5
BoT-IoT,per_attack_zero_day,isolation_forest,zero_day_auroc[Theft],0.7570162139412693,0.014877467526042307,0.7385433981297369,0.7754890297528017,5
BoT-IoT,per_attack_zero_day,autoencoder,zero_day_auroc[Theft],0.9185081053955404,0.02312281446477833,0.8897973391374798,0.947218871653601,5
BoT-IoT,per_attack_zero_day,ocsvm,zero_day_auroc[Theft],0.9338052000633503,0.011398655001468512,0.9196519005200816,0.947958499606619,5
UNSW-NB15,detector,,accuracy,0.8026769779892922,0.0011697704702560447,0.8012245161102134,0.8041294398683709,5
UNSW-NB15,detector,,balanced_accuracy,0.7083148941980292,0.005024067143489765,0.7020766909013995,0.7145530974946589,5
UNSW-NB15,detector,,f1_macro,0.6035253769733175,0.0028612572198178283,0.5999726568938691,0.6070780970527659,5
UNSW-NB15,detector,,auroc_ovr_macro,0.9698715273873327,0.00026580396556528707,0.9695414881727106,0.9702015666019549,5
UNSW-NB15,detector,,auprc_ovr_macro,0.6682173004634594,0.0017903306966442244,0.6659943112925572,0.6704402896343616,5
UNSW-NB15,detector,,binary_accuracy,0.8642871306761849,0.0007787958313169014,0.8633201279304875,0.8652541334218823,5
UNSW-NB15,detector,,binary_f1_macro,0.8640676668234784,0.0007717970581517063,0.8631093542024518,0.8650259794445049,5
UNSW-NB15,detector,,binary_auroc,0.9664791350208525,0.0001483975973308593,0.9662948750668268,0.9666633949748782,5
UNSW-NB15,novelty_head,isolation_forest,zero_day_auroc,0.3829707443616477,0.0051142866272537585,0.37662051878009173,0.38932096994320364,5
UNSW-NB15,novelty_head,isolation_forest,zero_day_auprc,0.08384901157228822,0.0014144852073538815,0.08209269621432512,0.08560532693025132,5
UNSW-NB15,novelty_head,isolation_forest,fpr_at_95_tpr,0.9553638707118777,0.004537764492958532,0.9497294919086436,0.9609982495151117,5
UNSW-NB15,novelty_head,isolation_forest,known_false_positive_rate,0.10003965893317471,0.0008671849932845483,0.09896290654723071,0.10111641131911871,5
UNSW-NB15,novelty_head,isolation_forest,zero_day_true_positive_rate,0.060690789473684205,0.009579797939752279,0.04879589926182719,0.07258567968554122,5
UNSW-NB15,novelty_head,isolation_forest,balanced_accuracy,0.4803255652702547,0.004819010498521302,0.47434197342727485,0.4863091571132346,5
UNSW-NB15,novelty_head,autoencoder,zero_day_auroc,0.336886786791488,0.08632085943669766,0.22970528333493262,0.44406829024804334,5
UNSW-NB15,novelty_head,autoencoder,zero_day_auprc,0.09191067543878918,0.04190589519632015,0.03987763406101829,0.14394371681656007,5
UNSW-NB15,novelty_head,autoencoder,fpr_at_95_tpr,0.9714653975808052,0.018692809143076652,0.9482552094425527,0.9946755857190577,5
UNSW-NB15,novelty_head,autoencoder,known_false_positive_rate,0.10162601626016261,0.003410870000350897,0.09739086177817363,0.1058611707421516,5
UNSW-NB15,novelty_head,autoencoder,zero_day_true_positive_rate,0.06546052631578948,0.11397978848537907,-0.07606407356938592,0.20698512620096488,5
UNSW-NB15,novelty_head,autoencoder,balanced_accuracy,0.4819172550278134,0.05697812307653782,0.4111695709184532,0.5526649391371736,5
UNSW-NB15,novelty_head,ocsvm,zero_day_auroc,0.4785015804867612,0.004742908327499458,0.47261248196972433,0.4843906790037981,5
UNSW-NB15,novelty_head,ocsvm,zero_day_auprc,0.09265257128930578,0.0007621188091496045,0.09170627580163078,0.09359886677698077,5
UNSW-NB15,novelty_head,ocsvm,fpr_at_95_tpr,0.790680150703946,0.008388766722714675,0.7802641210750214,0.8010961803328707,5
UNSW-NB15,novelty_head,ocsvm,known_false_positive_rate,0.10428316478286734,0.0010548828933785756,0.10297335467183814,0.10559297489389653,5
UNSW-NB15,novelty_head,ocsvm,zero_day_true_positive_rate,0.03930921052631579,0.003918134621569603,0.034444203826597075,0.0441742172260345,5
UNSW-NB15,novelty_head,ocsvm,balanced_accuracy,0.4675130228717242,0.0015478169452145453,0.46559115429504155,0.46943489144840683,5
UNSW-NB15,per_attack_zero_day,isolation_forest,zero_day_auroc[Shellcode],0.38148076261663816,0.004725443165122497,0.3756133499629475,0.38734817527032883,5
UNSW-NB15,per_attack_zero_day,isolation_forest,zero_day_auroc[Worms],0.3932458132785319,0.00835603584089444,0.38287042440719293,0.4036212021498709,5
UNSW-NB15,per_attack_zero_day,autoencoder,zero_day_auroc[Shellcode],0.3386718290498324,0.10330509995564045,0.21040160560407212,0.4669420524955927,5
UNSW-NB15,per_attack_zero_day,autoencoder,zero_day_auroc[Worms],0.3245769499190082,0.03861697311384776,0.27662764468394063,0.3725262551540758,5
UNSW-NB15,per_attack_zero_day,ocsvm,zero_day_auroc[Shellcode],0.4914444814146363,0.004823009821675872,0.4854559237560782,0.4974330390731944,5
UNSW-NB15,per_attack_zero_day,ocsvm,zero_day_auroc[Worms],0.3892459909711546,0.0048532550767865605,0.3832198788682091,0.3952721030741001,5
